{
  "metadata": {
    "strategy": "aggressive",
    "time_horizon": 30,
    "n_simulations": 10,
    "timestamp": "20250828_013642",
    "version": "2.0",
    "base_seed": 42,
    "simulation_type": "single_batch"
  },
  "statistics": {
    "npv_mean": 15840375.38980915,
    "npv_std": 5315167.5199834565,
    "npv_min": 4311309.819612326,
    "npv_max": 22120804.112464517,
    "npv_p5": 6603159.054795239,
    "npv_p95": 21957288.105794337,
    "utilization_mean": 0.36306657106786155,
    "utilization_std": 0.05373242426486687,
    "self_sufficiency_mean": 0.8307203833549657,
    "self_sufficiency_std": 0.04135064077420317,
    "total_cost_mean": 47736548.33257634,
    "total_cost_std": 21900103.456714876,
    "npv_coefficient_of_variation": 0.335545553005199,
    "probability_positive_npv": 1.0,
    "n_simulations": 10,
    "strategy_name": "aggressive"
  },
  "performance_metrics": {
    "npv_median": 16537441.254437905,
    "npv_q25": 14332550.539675161,
    "npv_q75": 20039867.994402926,
    "npv_iqr": 5707317.454727765,
    "npv_skewness": -0.8155928985261364,
    "success_rate_50pct": 0.5,
    "worst_case_5pct": 6603159.054795239,
    "best_case_95pct": 21957288.105794337
  }
}