{
  "metadata": {
    "strategy": "aggressive",
    "time_horizon": 30,
    "n_simulations": 50,
    "timestamp": "20250828_013559",
    "version": "2.0",
    "base_seed": 42,
    "simulation_type": "single_batch"
  },
  "statistics": {
    "npv_mean": 17325317.341260206,
    "npv_std": 11243855.911607781,
    "npv_min": 3969563.454452628,
    "npv_max": 64518935.312101796,
    "npv_p5": 4324411.218056907,
    "npv_p95": 32612213.041777976,
    "utilization_mean": 0.3509804054334815,
    "utilization_std": 0.04975654193879175,
    "self_sufficiency_mean": 0.8198251152004048,
    "self_sufficiency_std": 0.060027230095893384,
    "total_cost_mean": 58036545.02882905,
    "total_cost_std": 45831955.20109589,
    "npv_coefficient_of_variation": 0.6489841248004481,
    "probability_positive_npv": 1.0,
    "n_simulations": 50,
    "strategy_name": "aggressive"
  },
  "performance_metrics": {
    "npv_median": 14409680.523727402,
    "npv_q25": 9082069.371225856,
    "npv_q75": 23365747.66732408,
    "npv_iqr": 14283678.296098225,
    "npv_skewness": 1.547677971763016,
    "success_rate_50pct": 0.5,
    "worst_case_5pct": 4324411.218056907,
    "best_case_95pct": 32612213.041777976
  }
}