{
  "metadata": {
    "strategy": "conservative",
    "time_horizon": 30,
    "n_simulations": 5,
    "timestamp": "20250828_013801",
    "version": "2.0",
    "base_seed": 42,
    "simulation_type": "single_batch"
  },
  "statistics": {
    "npv_mean": 10628588.49508208,
    "npv_std": 4610753.804505065,
    "npv_min": 3968234.1835661447,
    "npv_max": 17589128.821591754,
    "npv_p5": 4711669.987203026,
    "npv_p95": 16624465.941629674,
    "utilization_mean": 0.6452504874596121,
    "utilization_std": 0.091154663731259,
    "self_sufficiency_mean": 0.7131255315155844,
    "self_sufficiency_std": 0.09599534044253547,
    "total_cost_mean": 50494950.93756525,
    "total_cost_std": 38851850.19286749,
    "npv_coefficient_of_variation": 0.43380678503439024,
    "probability_positive_npv": 1.0,
    "n_simulations": 5,
    "strategy_name": "conservative"
  },
  "performance_metrics": {
    "npv_median": 11134351.846720586,
    "npv_q25": 7685413.201750554,
    "npv_q75": 12765814.421781363,
    "npv_iqr": 5080401.220030809,
    "npv_skewness": 0.05340460223471659,
    "success_rate_50pct": 0.4,
    "worst_case_5pct": 4711669.987203026,
    "best_case_95pct": 16624465.941629674
  }
}