{
  "metadata": {
    "strategy": "moderate",
    "time_horizon": 30,
    "n_simulations": 5,
    "timestamp": "20250828_013703",
    "version": "2.0",
    "base_seed": 42,
    "simulation_type": "single_batch"
  },
  "statistics": {
    "npv_mean": 14088244.786987728,
    "npv_std": 6473636.0853728,
    "npv_min": 4345133.952161066,
    "npv_max": 21655948.566198334,
    "npv_p5": 5389931.568961524,
    "npv_p95": 21350574.750313193,
    "utilization_mean": 0.48943293781531716,
    "utilization_std": 0.057012632590780585,
    "self_sufficiency_mean": 0.8298628114219039,
    "self_sufficiency_std": 0.04270378480776092,
    "total_cost_mean": 33676980.96367818,
    "total_cost_std": 21387957.53584007,
    "npv_coefficient_of_variation": 0.4595062183581606,
    "probability_positive_npv": 1.0,
    "n_simulations": 5,
    "strategy_name": "moderate"
  },
  "performance_metrics": {
    "npv_median": 14741939.893643253,
    "npv_q25": 9569122.036163358,
    "npv_q75": 20129079.486772634,
    "npv_iqr": 10559957.450609276,
    "npv_skewness": -0.2676511775102248,
    "success_rate_50pct": 0.4,
    "worst_case_5pct": 5389931.568961524,
    "best_case_95pct": 21350574.750313193
  }
}