{
  "metadata": {
    "strategy": "moderate",
    "time_horizon": 30,
    "n_simulations": 50,
    "timestamp": "20250828_013600",
    "version": "2.0",
    "base_seed": 42,
    "simulation_type": "single_batch"
  },
  "statistics": {
    "npv_mean": 17073146.75957082,
    "npv_std": 11111509.66773483,
    "npv_min": 3892641.3278513183,
    "npv_max": 64773894.93850355,
    "npv_p5": 4377252.852966624,
    "npv_p95": 32144023.73092821,
    "utilization_mean": 0.4336644540236999,
    "utilization_std": 0.06331021908987641,
    "self_sufficiency_mean": 0.8037790958382175,
    "self_sufficiency_std": 0.07162176398570647,
    "total_cost_mean": 55929259.13268841,
    "total_cost_std": 44347352.863252066,
    "npv_coefficient_of_variation": 0.650817908626362,
    "probability_positive_npv": 1.0,
    "n_simulations": 50,
    "strategy_name": "moderate"
  },
  "performance_metrics": {
    "npv_median": 14392359.884637166,
    "npv_q25": 9118252.215439152,
    "npv_q75": 22768318.222655054,
    "npv_iqr": 13650066.007215902,
    "npv_skewness": 1.645814215845678,
    "success_rate_50pct": 0.5,
    "worst_case_5pct": 4377252.852966624,
    "best_case_95pct": 32144023.73092821
  }
}