{
  "metadata": {
    "strategy": "moderate",
    "time_horizon": 30,
    "n_simulations": 10,
    "timestamp": "20250828_013642",
    "version": "2.0",
    "base_seed": 42,
    "simulation_type": "single_batch"
  },
  "statistics": {
    "npv_mean": 15752647.119650656,
    "npv_std": 5287022.119390667,
    "npv_min": 4345133.952161066,
    "npv_max": 22339420.250737563,
    "npv_p5": 6695928.589962098,
    "npv_p95": 22031857.99269491,
    "utilization_mean": 0.4424824677267017,
    "utilization_std": 0.0667986621029364,
    "self_sufficiency_mean": 0.8207076425876725,
    "self_sufficiency_std": 0.050523907249755966,
    "total_cost_mean": 45169855.27767554,
    "total_cost_std": 20707019.687900007,
    "npv_coefficient_of_variation": 0.3356275348030469,
    "probability_positive_npv": 1.0,
    "n_simulations": 10,
    "strategy_name": "moderate"
  },
  "performance_metrics": {
    "npv_median": 16442656.468654573,
    "npv_q25": 13827340.839747677,
    "npv_q75": 19681319.511347488,
    "npv_iqr": 5853978.671599811,
    "npv_skewness": -0.771039495307564,
    "success_rate_50pct": 0.5,
    "worst_case_5pct": 6695928.589962098,
    "best_case_95pct": 22031857.99269491
  }
}