{
  "metadata": {
    "strategy": "aggressive",
    "time_horizon": 10,
    "n_simulations": 5,
    "timestamp": "20250828_002805",
    "version": "2.0",
    "base_seed": 42,
    "simulation_type": "single_batch"
  },
  "statistics": {
    "npv_mean": 2112157.3102174764,
    "npv_std": 614406.4963330054,
    "npv_min": 1425632.3183045213,
    "npv_max": 2920056.6812150553,
    "npv_p5": 1482618.30523216,
    "npv_p95": 2892604.327213914,
    "utilization_mean": 0.5182968497669821,
    "utilization_std": 0.016114647369584147,
    "self_sufficiency_mean": 0.8111607040040694,
    "self_sufficiency_std": 0.07009810191898634,
    "total_cost_mean": 1144669.8355561714,
    "total_cost_std": 470531.7745821825,
    "npv_coefficient_of_variation": 0.2908905001350224,
    "probability_positive_npv": 1.0,
    "n_simulations": 5,
    "strategy_name": "aggressive"
  },
  "performance_metrics": {
    "npv_median": 1721740.3874157406,
    "npv_q25": 1710562.2529427148,
    "npv_q75": 2782794.9112093495,
    "npv_iqr": 1072232.6582666347,
    "npv_skewness": 0.328617775279254,
    "success_rate_50pct": 0.4,
    "worst_case_5pct": 1482618.30523216,
    "best_case_95pct": 2892604.327213914
  }
}