{
  "metadata": {
    "strategy": "aggressive",
    "time_horizon": 10,
    "n_simulations": 50,
    "timestamp": "20250828_005753",
    "version": "2.0",
    "base_seed": 42,
    "simulation_type": "single_batch"
  },
  "statistics": {
    "npv_mean": 1867387.2423632413,
    "npv_std": 626268.9641907507,
    "npv_min": 944138.2265918168,
    "npv_max": 3874525.244641913,
    "npv_p5": 1038436.7194673755,
    "npv_p95": 2858288.8847124875,
    "utilization_mean": 0.5354435675383605,
    "utilization_std": 0.03282665951326704,
    "self_sufficiency_mean": 0.8447184759976669,
    "self_sufficiency_std": 0.05417061682518868,
    "total_cost_mean": 1035300.4996182541,
    "total_cost_std": 475417.43892955023,
    "npv_coefficient_of_variation": 0.33537176970224253,
    "probability_positive_npv": 1.0,
    "n_simulations": 50,
    "strategy_name": "aggressive"
  },
  "performance_metrics": {
    "npv_median": 1698797.3619005792,
    "npv_q25": 1446798.7207826474,
    "npv_q75": 2253810.065388227,
    "npv_iqr": 807011.3446055795,
    "npv_skewness": 1.0445669655376124,
    "success_rate_50pct": 0.5,
    "worst_case_5pct": 1038436.7194673755,
    "best_case_95pct": 2858288.8847124875
  }
}