{
  "metadata": {
    "strategy": "conservative",
    "time_horizon": 10,
    "n_simulations": 50,
    "timestamp": "20250828_005803",
    "version": "2.0",
    "base_seed": 42,
    "simulation_type": "single_batch"
  },
  "statistics": {
    "npv_mean": 1397904.9013316713,
    "npv_std": 372834.6339801677,
    "npv_min": 761272.5848348028,
    "npv_max": 2398077.9789446294,
    "npv_p5": 871551.6309317974,
    "npv_p95": 2178730.0784426737,
    "utilization_mean": 0.874769856786704,
    "utilization_std": 0.06425094845227006,
    "self_sufficiency_mean": 0.7292958593218012,
    "self_sufficiency_std": 0.08241513753521197,
    "total_cost_mean": 1392121.4731365843,
    "total_cost_std": 717718.3823811628,
    "npv_coefficient_of_variation": 0.2667095834809637,
    "probability_positive_npv": 1.0,
    "n_simulations": 50,
    "strategy_name": "conservative"
  },
  "performance_metrics": {
    "npv_median": 1369519.640305392,
    "npv_q25": 1129739.2510242497,
    "npv_q75": 1617340.7312958213,
    "npv_iqr": 487601.48027157155,
    "npv_skewness": 0.75080575023277,
    "success_rate_50pct": 0.5,
    "worst_case_5pct": 871551.6309317974,
    "best_case_95pct": 2178730.0784426737
  }
}