{
  "metadata": {
    "strategy": "moderate",
    "time_horizon": 10,
    "n_simulations": 5,
    "timestamp": "20250828_002805",
    "version": "2.0",
    "base_seed": 42,
    "simulation_type": "single_batch"
  },
  "statistics": {
    "npv_mean": 2111722.8282016357,
    "npv_std": 611502.0218672806,
    "npv_min": 1417736.7990131758,
    "npv_max": 2930685.0515062422,
    "npv_p5": 1478472.9796988303,
    "npv_p95": 2896364.3235557233,
    "utilization_mean": 0.6388766193893749,
    "utilization_std": 0.025714586990801255,
    "self_sufficiency_mean": 0.8108507459446848,
    "self_sufficiency_std": 0.06974440991483205,
    "total_cost_mean": 1139738.3555662157,
    "total_cost_std": 436365.9429360157,
    "npv_coefficient_of_variation": 0.2895749450168334,
    "probability_positive_npv": 1.0,
    "n_simulations": 5,
    "strategy_name": "moderate"
  },
  "performance_metrics": {
    "npv_median": 1729693.1762936637,
    "npv_q25": 1721417.7024414479,
    "npv_q75": 2759081.4117536484,
    "npv_iqr": 1037663.7093122005,
    "npv_skewness": 0.3246001630648298,
    "success_rate_50pct": 0.4,
    "worst_case_5pct": 1478472.9796988303,
    "best_case_95pct": 2896364.3235557233
  }
}