{
  "metadata": {
    "strategy": "aggressive",
    "time_horizon": 50,
    "n_simulations": 1000,
    "timestamp": "20250828_010141",
    "version": "2.0",
    "base_seed": 42,
    "simulation_type": "single_batch"
  },
  "statistics": {
    "npv_mean": 200879169.83574897,
    "npv_std": 293500208.8306523,
    "npv_min": 5221695.44667448,
    "npv_max": 3133149497.320952,
    "npv_p5": 15209108.742929272,
    "npv_p95": 708839091.760119,
    "utilization_mean": 0.24784714215516335,
    "utilization_std": 0.03452844189129369,
    "self_sufficiency_mean": 0.8258308503142862,
    "self_sufficiency_std": 0.04836552008388634,
    "total_cost_mean": 4766873998.83524,
    "total_cost_std": 8510213974.557627,
    "npv_coefficient_of_variation": 1.461078364026673,
    "probability_positive_npv": 1.0,
    "n_simulations": 1000,
    "strategy_name": "aggressive"
  },
  "performance_metrics": {
    "npv_median": 102611917.33614215,
    "npv_q25": 46285007.85463701,
    "npv_q75": 229154091.8884096,
    "npv_iqr": 182869084.0337726,
    "npv_skewness": 4.2625449139034135,
    "success_rate_50pct": 0.5,
    "worst_case_5pct": 15209108.742929272,
    "best_case_95pct": 708839091.760119
  }
}