{
  "metadata": {
    "strategy": "conservative",
    "time_horizon": 50,
    "n_simulations": 100,
    "timestamp": "20250828_011507",
    "version": "2.0",
    "base_seed": 42,
    "simulation_type": "single_batch"
  },
  "statistics": {
    "npv_mean": 75937630.4500033,
    "npv_std": 96607049.47598341,
    "npv_min": -16495897.461661674,
    "npv_max": 596482675.6524024,
    "npv_p5": 8622859.140400965,
    "npv_p95": 277382189.27165306,
    "utilization_mean": 0.3998590719644182,
    "utilization_std": 0.06645490249715827,
    "self_sufficiency_mean": 0.6066578231032103,
    "self_sufficiency_std": 0.11249750457964532,
    "total_cost_mean": 5868672882.090396,
    "total_cost_std": 8807132264.752226,
    "npv_coefficient_of_variation": 1.2721894125941773,
    "probability_positive_npv": 0.98,
    "n_simulations": 100,
    "strategy_name": "conservative"
  },
  "performance_metrics": {
    "npv_median": 46363936.313748,
    "npv_q25": 24220621.48502436,
    "npv_q75": 86448623.01313446,
    "npv_iqr": 62228001.5281101,
    "npv_skewness": 3.0503336260003366,
    "success_rate_50pct": 0.5,
    "worst_case_5pct": 8622859.140400965,
    "best_case_95pct": 277382189.27165306
  }
}