{
  "metadata": {
    "strategy": "conservative",
    "time_horizon": 50,
    "n_simulations": 10,
    "timestamp": "20250828_011607",
    "version": "2.0",
    "base_seed": 42,
    "simulation_type": "single_batch"
  },
  "statistics": {
    "npv_mean": 52620094.9482245,
    "npv_std": 52070913.93950789,
    "npv_min": -8313972.407024011,
    "npv_max": 187603785.71016574,
    "npv_p5": 128221.32932364382,
    "npv_p95": 141620684.16329187,
    "utilization_mean": 0.42517678717237234,
    "utilization_std": 0.07975133733225041,
    "self_sufficiency_mean": 0.6542606835693915,
    "self_sufficiency_std": 0.11175911466436578,
    "total_cost_mean": 4337153113.160086,
    "total_cost_std": 6417507798.907085,
    "npv_coefficient_of_variation": 0.9895632835847792,
    "probability_positive_npv": 0.9,
    "n_simulations": 10,
    "strategy_name": "conservative"
  },
  "performance_metrics": {
    "npv_median": 37877626.02076962,
    "npv_q25": 24986329.153350167,
    "npv_q75": 65553004.262444794,
    "npv_iqr": 40566675.10909463,
    "npv_skewness": 1.5194871492604547,
    "success_rate_50pct": 0.5,
    "worst_case_5pct": 128221.32932364382,
    "best_case_95pct": 141620684.16329187
  }
}