{
  "metadata": {
    "strategy": "moderate",
    "time_horizon": 50,
    "n_simulations": 10,
    "timestamp": "20250828_011607",
    "version": "2.0",
    "base_seed": 42,
    "simulation_type": "single_batch"
  },
  "statistics": {
    "npv_mean": 106691812.42265768,
    "npv_std": 96638788.21658494,
    "npv_min": 12848847.154679308,
    "npv_max": 285733279.8727871,
    "npv_p5": 20829348.326525636,
    "npv_p95": 284223885.5272909,
    "utilization_mean": 0.3295969948283413,
    "utilization_std": 0.05567422041022047,
    "self_sufficiency_mean": 0.8164178950658713,
    "self_sufficiency_std": 0.036975095213419115,
    "total_cost_mean": 2445470777.1811476,
    "total_cost_std": 3172803689.811328,
    "npv_coefficient_of_variation": 0.9057751107812484,
    "probability_positive_npv": 1.0,
    "n_simulations": 10,
    "strategy_name": "moderate"
  },
  "performance_metrics": {
    "npv_median": 65196223.00489339,
    "npv_q25": 32208276.872895382,
    "npv_q75": 133996797.91930898,
    "npv_iqr": 101788521.0464136,
    "npv_skewness": 0.9910596726145651,
    "success_rate_50pct": 0.5,
    "worst_case_5pct": 20829348.326525636,
    "best_case_95pct": 284223885.5272909
  }
}