{
  "metadata": {
    "strategy": "moderate",
    "time_horizon": 50,
    "n_simulations": 100,
    "timestamp": "20250828_011514",
    "version": "2.0",
    "base_seed": 42,
    "simulation_type": "single_batch"
  },
  "statistics": {
    "npv_mean": 148774343.24683535,
    "npv_std": 178252750.7771076,
    "npv_min": 9649050.455329632,
    "npv_max": 1016165664.0349731,
    "npv_p5": 13499460.731989598,
    "npv_p95": 473344837.2110296,
    "utilization_mean": 0.3102162132224797,
    "utilization_std": 0.042899256151849786,
    "self_sufficiency_mean": 0.8121579495905796,
    "self_sufficiency_std": 0.05918598383848694,
    "total_cost_mean": 3392043894.759866,
    "total_cost_std": 4813625014.842713,
    "npv_coefficient_of_variation": 1.1981417419626168,
    "probability_positive_npv": 1.0,
    "n_simulations": 100,
    "strategy_name": "moderate"
  },
  "performance_metrics": {
    "npv_median": 88822345.71412468,
    "npv_q25": 38330219.234636225,
    "npv_q75": 168850349.0188052,
    "npv_iqr": 130520129.78416899,
    "npv_skewness": 2.384894684147309,
    "success_rate_50pct": 0.5,
    "worst_case_5pct": 13499460.731989598,
    "best_case_95pct": 473344837.2110296
  }
}