{
  "metadata": {
    "strategy": "moderate",
    "time_horizon": 50,
    "n_simulations": 1000,
    "timestamp": "20250828_010230",
    "version": "2.0",
    "base_seed": 42,
    "simulation_type": "single_batch"
  },
  "statistics": {
    "npv_mean": 197281212.05395976,
    "npv_std": 285455925.131899,
    "npv_min": 5125288.979153034,
    "npv_max": 3018184420.9029717,
    "npv_p5": 15119409.068756035,
    "npv_p95": 702710990.069905,
    "utilization_mean": 0.30628025792218283,
    "utilization_std": 0.04293452926362554,
    "self_sufficiency_mean": 0.8097845492261275,
    "self_sufficiency_std": 0.05946239450211941,
    "total_cost_mean": 4616274621.056258,
    "total_cost_std": 8273046980.6248665,
    "npv_coefficient_of_variation": 1.4469493681629548,
    "probability_positive_npv": 1.0,
    "n_simulations": 1000,
    "strategy_name": "moderate"
  },
  "performance_metrics": {
    "npv_median": 100535246.6466505,
    "npv_q25": 45583096.2634927,
    "npv_q75": 224453405.28005308,
    "npv_iqr": 178870309.01656038,
    "npv_skewness": 4.215116517218055,
    "success_rate_50pct": 0.5,
    "worst_case_5pct": 15119409.068756035,
    "best_case_95pct": 702710990.069905
  }
}